Workbook

Sheet data
A1: id | B1: Sample | C1: gender | D1: ethnicity | E1: age | F1: homeowner | G1: party | H1: state | I1: Q1 | J1: Q2 | K1: Q3 | L1: Q4 | M1: Q5 | N1: Q6 | O1: Q7 | P1: Q8 | Q1: Q9 | R1: Q10 | S1: B1Q11 | T1: B1Q12 | U1: B1Q13 | V1: B1Q14 | W1: B1Q15 | X1: Q16_1 | Y1: Q16_2 | Z1: Q16_3 | AA1: Q16_4 | AB1: Q16_5
A2: 1 | B2: 1 | C2: 2 | D2: 4 | E2: 3 | F2: 2 | G2: 1 | H2: 48 | I2: 4 | J2: 2 | K2: 1 | L2: 1 | M2: 3 | N2: 3 | O2: 5 | P2: 1 | Q2: 5 | R2: 2 | S2: 3 | T2: 3 | U2: 4 | V2: 1 | W2: 1 | X2: 0 | Y2: 0 | Z2: 1 | AA2: 0 | AB2: 1
A3: 2 | B3: 1 | C3: 1 | D3: 3 | E3: 1 | F3: 2 | G3: 2 | H3: 42 | I3: 1 | J3: 2 | K3: 1 | L3: 5 | M3: 3 | N3: 6 | O3: 3 | P3: 4 | Q3: 4 | R3: 5 | S3: 3 | T3: 2 | U3: 2 | V3: 2 | W3: 2 | X3: 0 | Y3: 1 | Z3: 0 | AA3: 0 | AB3: 0
A4: 3 | B4: 1 | C4: 1 | D4: 1 | E4: 1 | F4: 1 | G4: 3 | H4: 10 | I4: 4 | J4: 6 | K4: 5 | L4: 5 | M4: 5 | N4: 3 | O4: 5 | P4: 6 | Q4: 3 | R4: 4 | S4: 1 | T4: 1 | U4: 1 | V4: 2 | W4: 1 | X4: 1 | Y4: 0 | Z4: 1 | AA4: 1 | AB4: 0
A5: 4 | B5: 1 | C5: 1 | D5: 4 | E5: 3 | F5: 2 | G5: 3 | H5: 21 | I5: 3 | J5: 1 | K5: 1 | L5: 2 | M5: 2 | N5: 3 | O5: 2 | P5: 6 | Q5: 4 | R5: 5 | S5: 2 | T5: 4 | U5: 1 | V5: 4 | W5: 3 | X5: 1 | Y5: 0 | Z5: 1 | AA5: 0 | AB5: 1
A6: 5 | B6: 1 | C6: 2 | D6: 3 | E6: 1 | F6: 2 | G6: 2 | H6: 45 | I6: 4 | J6: 2 | K6: 4 | L6: 1 | M6: 4 | N6: 5 | O6: 2 | P6: 6 | Q6: 5 | R6: 7 | S6: 2 | T6: 3 | U6: 2 | V6: 1 | W6: 3 | X6: 0 | Y6: 1 | Z6: 0 | AA6: 0 | AB6: 1
A7: 6 | B7: 1 | C7: 2 | D7: 3 | E7: 1 | F7: 2 | G7: 3 | H7: 1 | I7: 4 | J7: 5 | K7: 2 | L7: 4 | M7: 6 | N7: 3 | O7: 4 | P7: 2 | Q7: 5 | R7: 7 | S7: 2 | T7: 2 | U7: 2 | V7: 4 | W7: 2 | X7: 1 | Y7: 0 | Z7: 1 | AA7: 1 | AB7: 0
A8: 7 | B8: 1 | C8: 1 | D8: 3 | E8: 2 | F8: 2 | G8: 2 | H8: 23 | I8: 5 | J8: 1 | K8: 7 | L8: 4 | M8: 6 | N8: 4 | O8: 1 | P8: 3 | Q8: 1 | R8: 5 | S8: 1 | T8: 4 | U8: 1 | V8: 2 | W8: 3 | X8: 1 | Y8: 0 | Z8: 0 | AA8: 1 | AB8: 0
A9: 8 | B9: 1 | C9: 2 | D9: 3 | E9: 2 | F9: 2 | G9: 3 | H9: 5 | I9: 1 | J9: 3 | K9: 2 | L9: 2 | M9: 5 | N9: 6 | O9: 1 | P9: 3 | Q9: 5 | R9: 5 | S9: 2 | T9: 4 | U9: 4 | V9: 3 | W9: 1 | X9: 1 | Y9: 1 | Z9: 1 | AA9: 0 | AB9: 0
A10: 9 | B10: 1 | C10: 1 | D10: 2 | E10: 2 | F10: 1 | G10: 3 | H10: 14 | I10: 4 | J10: 5 | K10: 3 | L10: 5 | M10: 1 | N10: 1 | O10: 2 | P10: 6 | Q10: 1 | R10: 1 | S10: 3 | T10: 4 | U10: 4 | V10: 1 | W10: 1 | X10: 1 | Y10: 0 | Z10: 0 | AA10: 0 | AB10: 0
A11: 10 | B11: 1 | C11: 1 | D11: 1 | E11: 3 | F11: 2 | G11: 2 | H11: 29 | I11: 4 | J11: 4 | K11: 1 | L11: 5 | M11: 1 | N11: 5 | O11: 3 | P11: 3 | Q11: 4 | R11: 4 | S11: 4 | T11: 4 | U11: 3 | V11: 2 | W11: 1 | X11: 0 | Y11: 1 | Z11: 1 | AA11: 1 | AB11: 0
A12: 11 | B12: 1 | C12: 1 | D12: 3 | E12: 1 | F12: 2 | G12: 2 | H12: 14 | I12: 4 | J12: 2 | K12: 3 | L12: 5 | M12: 7 | N12: 5 | O12: 4 | P12: 3 | Q12: 4 | R12: 1 | S12: 2 | T12: 1 | U12: 2 | V12: 1 | W12: 2 | X12: 0 | Y12: 1 | Z12: 1 | AA12: 1 | AB12: 0
A13: 12 | B13: 1 | C13: 1 | D13: 4 | E13: 1 | F13: 1 | G13: 3 | H13: 12 | I13: 2 | J13: 3 | K13: 1 | L13: 3 | M13: 6 | N13: 2 | O13: 1 | P13: 7 | Q13: 3 | R13: 7 | S13: 3 | T13: 1 | U13: 2 | V13: 1 | W13: 3 | X13: 1 | Y13: 1 | Z13: 0 | AA13: 0 | AB13: 0
... A100: 99 | B100: 2 | C100: 1 | D100: 1 | E100: 1 | F100: 1 | G100: 2 | H100: 41 | I100: 5 | J100: 6 | K100: 2 | L100: 1 | M100: 2 | N100: 6 | O100: 3 | P100: 1 | Q100: 5 | R100: 4 | S100: 3 | T100: 2 | U100: 2 | V100: 1 | W100: 1 | X100: 1 | Y100: 1 | Z100: 0 | AA100: 0 | AB100: 0
A101: 100 | B101: 2 | C101: 1 | D101: 3 | E101: 2 | F101: 1 | G101: 2 | H101: 8

Sheet input
A1: Criteria | B1: Column | C1: Code | D1: Quota_Base | E1: Quota_OS | F1: Flex
A3: Gender
A4: Male | B4: gender | C4: 1 | D4: 0.49 | E4: 0.49
A5: Female | B5: gender | C5: 2 | D5: 0.51 | E5: 0.51
A7: Age
A8: 18-29 | B8: age | C8: 1 | D8: 0.2 | E8: 0.2
A9: 30-39 | B9: age | C9: 2 | D9: 0.2 | E9: 0.2
A10: 40-49 | B10: age | C10: 3 | D10: 0.2 | E10: 0.2
A11: 50-59 | B11: age | C11: 4 | D11: 0.2 | E11: 0.2
A12: 60+ | B12: age | C12: 5 | D12: 0.2 | E12: 0.2
A14: Ethnicity
A15: White | B15: ethnicity | C15: 1 | D15: 0.4 | E15: 0.4
A16: Black | B16: ethnicity | C16: 2 | D16: 0.2 | E16: 0.2
A17: Hispanic | B17: ethnicity | C17: 3 | D17: 0.3 | E17: 0.3
A18: Asian | B18: ethnicity | C18: 4 | D18: 0.1 | E18: 0.1
A20: Party
A21: Democrat | B21: party | C21: 1 | D21: 0.4 | E21: 0.4
A22: Republican | B22: party | C22: 2 | D22: 0.4 | E22: 0.4
A23: Independence | B23: party | C23: 3 | D23: 0.1 | E23: 0.1
A25: State
A26: AZ | B26: state | C26: 1 | D26: 0.1 | E26: 0.1
A27: CA | B27: state | C27: 2:4 | D27: 0.1 | E27: 0.1
A28: TX | B28: state | C28: 5,6 | D28: 0.1 | E28: 0.1
A29: MI | B29: state | C29: 7:9 | D29: 0.1 | E29: 0.1
A30: FL | B30: state | C30: 10 | D30: 0.1 | E30: 0.1
A31: NY | B31: state | C31: 11 | D31: 0.1 | E31: 0.1
A32: OH | B32: state | C32: 12 | D32: 0.1 | E32: 0.1
A33: Other | B33: state | C33: 13:50 | D33: 0.3 | E33: 0.3

Sheet output
A1: Criteria | B1: Code | D1: Quota_Base | E1: Need_Base | F1: Have_Base | G1: Percent_Base | H1: Diff_Base | I1: End Need_Base | J1: End Diff_Base | L1: Quota_OS | M1: Need_OS | N1: Have_OS | O1: Percent_OS | P1: Diff_OS | Q1: End Need_OS | R1: End Diff_OS
E2: 100 | F2: Base | I2: 250 | M2: 100 | N2: OS | Q2: 250
A3: Criteria | B3: Code | D3: Quota | E3: Need | F3: Have | G3: Percent | H3: Diff | I3: End Need | J3: End Diff | L3: Quota | M3: Need | N3: Have | O3: Percent | P3: Diff | Q3: End Need | R3: End Diff
A4: Gender | B4: gender
A5: Male | B5: 1 | D5: 0.49 | E5: =IF($D5*E$2=0,"",$D5*E$2) | F5: =COUNTIFS(data!$B:$B,1,data!$C:$C,$B5) | G5: =F5/E$2 | H5: =G5-D5 | I5: =D5*I$2 | J5: =I5-F5 | L5: 0.49 | M5: =IF($L5*M$2=0,"",$L5*M$2) | N5: =COUNTIFS(data!$B:$B,2,data!$C:$C,$B5) | O5: =N5/M$2 | P5: =O5-L5 | Q5: =L5*Q$2 | R5: =Q5-N5
A6: Female | B6: 2 | D6: 0.51 | E6: =IF($D6*E$2=0,"",$D6*E$2) | F6: =COUNTIFS(data!$B:$B,1,data!$C:$C,$B6) | G6: =F6/E$2 | H6: =G6-D6 | I6: =D6*I$2 | J6: =I6-F6 | L6: 0.51 | M6: =IF($L6*M$2=0,"",$L6*M$2) | N6: =COUNTIFS(data!$B:$B,2,data!$C:$C,$B6) | O6: =N6/M$2 | P6: =O6-L6 | Q6: =L6*Q$2 | R6: =Q6-N6
F7: =SUM(F5:F6) | N7: =SUM(N5:N6)
A8: Age | B8: age
A9: 18-29 | B9: 1 | D9: 0.2 | E9: =IF($D9*E$2=0,"",$D9*E$2) | F9: =COUNTIFS(data!$B:$B,1,data!$E:$E,$B9) | G9: =F9/E$2 | H9: =G9-D9 | I9: =D9*I$2 | J9: =I9-F9 | L9: 0.2 | M9: =IF($L9*M$2=0,"",$L9*M$2) | N9: =COUNTIFS(data!$B:$B,2,data!$E:$E,$B9) | O9: =N9/M$2 | P9: =O9-L9 | Q9: =L9*Q$2 | R9: =Q9-N9
A10: 30-39 | B10: 2 | D10: 0.2 | E10: =IF($D10*E$2=0,"",$D10*E$2) | F10: =COUNTIFS(data!$B:$B,1,data!$E:$E,$B10) | G10: =F10/E$2 | H10: =G10-D10 | I10: =D10*I$2 | J10: =I10-F10 | L10: 0.2 | M10: =IF($L10*M$2=0,"",$L10*M$2) | N10: =COUNTIFS(data!$B:$B,2,data!$E:$E,$B10) | O10: =N10/M$2 | P10: =O10-L10 | Q10: =L10*Q$2 | R10: =Q10-N10
A11: 40-49 | B11: 3 | D11: 0.2 | E11: =IF($D11*E$2=0,"",$D11*E$2) | F11: =COUNTIFS(data!$B:$B,1,data!$E:$E,$B11) | G11: =F11/E$2 | H11: =G11-D11 | I11: =D11*I$2 | J11: =I11-F11 | L11: 0.2 | M11: =IF($L11*M$2=0,"",$L11*M$2) | N11: =COUNTIFS(data!$B:$B,2,data!$E:$E,$B11) | O11: =N11/M$2 | P11: =O11-L11 | Q11: =L11*Q$2 | R11: =Q11-N11
A12: 50-59 | B12: 4 | D12: 0.2 | E12: =IF($D12*E$2=0,"",$D12*E$2) | F12: =COUNTIFS(data!$B:$B,1,data!$E:$E,$B12) | G12: =F12/E$2 | H12: =G12-D12 | I12: =D12*I$2 | J12: =I12-F12 | L12: 0.2 | M12: =IF($L12*M$2=0,"",$L12*M$2) | N12: =COUNTIFS(data!$B:$B,2,data!$E:$E,$B12) | O12: =N12/M$2 | P12: =O12-L12 | Q12: =L12*Q$2 | R12: =Q12-N12
A13: 60+ | B13: 5 | D13: 0.2 | E13: =IF($D13*E$2=0,"",$D13*E$2) | F13: =COUNTIFS(data!$B:$B,1,data!$E:$E,$B13) | G13: =F13/E$2 | H13: =G13-D13 | I13: =D13*I$2 | J13: =I13-F13 | L13: 0.2 | M13: =IF($L13*M$2=0,"",$L13*M$2) | N13: =COUNTIFS(data!$B:$B,2,data!$E:$E,$B13) | O13: =N13/M$2 | P13: =O13-L13 | Q13: =L13*Q$2 | R13: =Q13-N13
F14: =SUM(F9:F13) | N14: =SUM(N9:N13)
A15: Ethnicity | B15: ethnicity
A16: White | B16: 1 | D16: 0.4 | E16: =IF($D16*E$2=0,"",$D16*E$2) | F16: =COUNTIFS(data!$B:$B,1,data!$D:$D,$B16) | G16: =F16/E$2 | H16: =G16-D16 | I16: =D16*I$2 | J16: =I16-F16 | L16: 0.4 | M16: =IF($L16*M$2=0,"",$L16*M$2) | N16: =COUNTIFS(data!$B:$B,2,data!$D:$D,$B16) | O16: =N16/M$2 | P16: =O16-L16 | Q16: =L16*Q$2 | R16: =Q16-N16
A17: Black | B17: 2 | D17: 0.2 | E17: =IF($D17*E$2=0,"",$D17*E$2) | F17: =COUNTIFS(data!$B:$B,1,data!$D:$D,$B17) | G17: =F17/E$2 | H17: =G17-D17 | I17: =D17*I$2 | J17: =I17-F17 | L17: 0.2 | M17: =IF($L17*M$2=0,"",$L17*M$2) | N17: =COUNTIFS(data!$B:$B,2,data!$D:$D,$B17) | O17: =N17/M$2 | P17: =O17-L17 | Q17: =L17*Q$2 | R17: =Q17-N17
A18: Hispanic | B18: 3 | D18: 0.3 | E18: =IF($D18*E$2=0,"",$D18*E$2) | F18: =COUNTIFS(data!$B:$B,1,data!$D:$D,$B18) | G18: =F18/E$2 | H18: =G18-D18 | I18: =D18*I$2 | J18: =I18-F18 | L18: 0.3 | M18: =IF($L18*M$2=0,"",$L18*M$2) | N18: =COUNTIFS(data!$B:$B,2,data!$D:$D,$B18) | O18: =N18/M$2 | P18: =O18-L18 | Q18: =L18*Q$2 | R18: =Q18-N18
A19: Asian | B19: 4 | D19: 0.1 | E19: =IF($D19*E$2=0,"",$D19*E$2) | F19: =COUNTIFS(data!$B:$B,1,data!$D:$D,$B19) | G19: =F19/E$2 | H19: =G19-D19 | I19: =D19*I$2 | J19: =I19-F19 | L19: 0.1 | M19: =IF($L19*M$2=0,"",$L19*M$2) | N19: =COUNTIFS(data!$B:$B,2,data!$D:$D,$B19) | O19: =N19/M$2 | P19: =O19-L19 | Q19: =L19*Q$2 | R19: =Q19-N19
F20: =SUM(F16:F19) | N20: =SUM(N16:N19)
A21: Party | B21: party
A22: Democrat | B22: 1 | D22: 0.4 | E22: =IF($D22*E$2=0,"",$D22*E$2) | F22: =COUNTIFS(data!$B:$B,1,data!$G:$G,$B22) | G22: =F22/E$2 | H22: =G22-D22 | I22: =D22*I$2 | J22: =I22-F22 | L22: 0.4 | M22: =IF($L22*M$2=0,"",$L22*M$2) | N22: =COUNTIFS(data!$B:$B,2,data!$G:$G,$B22) | O22: =N22/M$2 | P22: =O22-L22 | Q22: =L22*Q$2 | R22: =Q22-N22
A23: Republican | B23: 2 | D23: 0.4 | E23: =IF($D23*E$2=0,"",$D23*E$2) | F23: =COUNTIFS(data!$B:$B,1,data!$G:$G,$B23) | G23: =F23/E$2 | H23: =G23-D23 | I23: =D23*I$2 | J23: =I23-F23 | L23: 0.4 | M23: =IF($L23*M$2=0,"",$L23*M$2) | N23: =COUNTIFS(data!$B:$B,2,data!$G:$G,$B23) | O23: =N23/M$2 | P23: =O23-L23 | Q23: =L23*Q$2 | R23: =Q23-N23
A24: Independence | B24: 3 | D24: 0.1 | E24: =IF($D24*E$2=0,"",$D24*E$2) | F24: =COUNTIFS(data!$B:$B,1,data!$G:$G,$B24) | G24: =F24/E$2 | H24: =G24-D24 | I24: =D24*I$2 | J24: =I24-F24 | L24: 0.1 | M24: =IF($L24*M$2=0,"",$L24*M$2) | N24: =COUNTIFS(data!$B:$B,2,data!$G:$G,$B24) | O24: =N24/M$2 | P24: =O24-L24 | Q24: =L24*Q$2 | R24: =Q24-N24
F25: =SUM(F22:F24) | N25: =SUM(N22:N24)
A26: State | B26: state
A27: AZ | B27: 1 | D27: 0.1 | E27: =IF($D27*E$2=0,"",$D27*E$2) | F27: =COUNTIFS(data!$B:$B,1,data!$H:$H,$B27) | G27: =F27/E$2 | H27: =G27-D27 | I27: =D27*I$2 | J27: =I27-F27 | L27: 0.1 | M27: =IF($L27*M$2=0,"",$L27*M$2) | N27: =COUNTIFS(data!$B:$B,2,data!$H:$H,$B27) | O27: =N27/M$2 | P27: =O27-L27 | Q27: =L27*Q$2 | R27: =Q27-N27
A28: CA | B28: 2:4 | D28: 0.1 | E28: =IF($D28*E$2=0,"",$D28*E$2) | F28: =COUNTIFS(data!$B:$B,1,data!$H:$H,2)+COUNTIFS(data!$B:$B,1,data!$H:$H,3)+COUNTIFS(data!$B:$B,1,data!$H:$H,4) | G28: =F28/E$2 | H28: =G28-D28 | I28: =D28*I$2 | J28: =I28-F28 | L28: 0.1 | M28: =IF($L28*M$2=0,"",$L28*M$2) | N28: =COUNTIFS(data!$B:$B,2,data!$H:$H,2)+COUNTIFS(data!$B:$B,2,data!$H:$H,3)+COUNTIFS(data!$B:$B,2,data!$H:$H,4) | O28: =N28/M$2 | P28: =O28-L28 | Q28: =L28*Q$2 | R28: =Q28-N28
A29: TX | B29: 5,6 | D29: 0.1 | E29: =IF($D29*E$2=0,"",$D29*E$2) | F29: =COUNTIFS(data!$B:$B,1,data!$H:$H,5)+COUNTIFS(data!$B:$B,1,data!$H:$H,6) | G29: =F29/E$2 | H29: =G29-D29 | I29: =D29*I$2 | J29: =I29-F29 | L29: 0.1 | M29: =IF($L29*M$2=0,"",$L29*M$2) | N29: =COUNTIFS(data!$B:$B,2,data!$H:$H,5)+COUNTIFS(data!$B:$B,2,data!$H:$H,6) | O29: =N29/M$2 | P29: =O29-L29 | Q29: =L29*Q$2 | R29: =Q29-N29
A30: MI | B30: 7:9 | D30: 0.1 | E30: =IF($D30*E$2=0,"",$D30*E$2) | F30: =COUNTIFS(data!$B:$B,1,data!$H:$H,7)+COUNTIFS(data!$B:$B,1,data!$H:$H,8)+COUNTIFS(data!$B:$B,1,data!$H:$H,9) | G30: =F30/E$2 | H30: =G30-D30 | I30: =D30*I$2 | J30: =I30-F30 | L30: 0.1 | M30: =IF($L30*M$2=0,"",$L30*M$2) | N30: =COUNTIFS(data!$B:$B,2,data!$H:$H,7)+COUNTIFS(data!$B:$B,2,data!$H:$H,8)+COUNTIFS(data!$B:$B,2,data!$H:$H,9) | O30: =N30/M$2 | P30: =O30-L30 | Q30: =L30*Q$2 | R30: =Q30-N30
A31: FL | B31: 10 | D31: 0.1 | E31: =IF($D31*E$2=0,"",$D31*E$2) | F31: =COUNTIFS(data!$B:$B,1,data!$H:$H,$B31) | G31: =F31/E$2 | H31: =G31-D31 | I31: =D31*I$2 | J31: =I31-F31 | L31: 0.1 | M31: =IF($L31*M$2=0,"",$L31*M$2) | N31: =COUNTIFS(data!$B:$B,2,data!$H:$H,$B31) | O31: =N31/M$2 | P31: =O31-L31 | Q31: =L31*Q$2 | R31: =Q31-N31
A32: NY | B32: 11 | D32: 0.1 | E32: =IF($D32*E$2=0,"",$D32*E$2) | F32: =COUNTIFS(data!$B:$B,1,data!$H:$H,$B32) | G32: =F32/E$2 | H32: =G32-D32 | I32: =D32*I$2 | J32: =I32-F32 | L32: 0.1 | M32: =IF($L32*M$2=0,"",$L32*M$2) | N32: =COUNTIFS(data!$B:$B,2,data!$H:$H,$B32) | O32: =N32/M$2 | P32: =O32-L32 | Q32: =L32*Q$2 | R32: =Q32-N32
A33: OH | B33: 12 | D33: 0.1 | E33: =IF($D33*E$2=0,"",$D33*E$2) | F33: =COUNTIFS(data!$B:$B,1,data!$H:$H,$B33) | G33: =F33/E$2 | H33: =G33-D33 | I33: =D33*I$2 | J33: =I33-F33 | L33: 0.1 | M33: =IF($L33*M$2=0,"",$L33*M$2) | N33: =COUNTIFS(data!$B:$B,2,data!$H:$H,$B33) | O33: =N33/M$2 | P33: =O33-L33 | Q33: =L33*Q$2 | R33: =Q33-N33
A34: Other | B34: 13:50 | D34: 0.3 | E34: =IF($D34*E$2=0,"",$D34*E$2) | F34: =COUNTIFS(data!$B:$B,1,data!$H:$H,13)+COUNTIFS(data!$B:$B,1,data!$H:$H,14)+COUNTIFS(data!$B:$B,1,data!$H:$H,15)+COUNTIFS(data!$B:$B,1,data!$H:$H,16)+COUNTIFS(data!$B:$B,1,data!$H:$H,17)+COUNTIFS(data!$B:$B,1,data!$H:$H,18)+COUNTIFS(data!$B:$B,1,data!$H:$H,19)+COUNTIFS(data!$B:$B,1,data!$H:$H,20)+COUNTIFS(data!$B:$B,1,data!$H:$H,21)+COUNTIFS(data!$B:$B,1,data!$H:$H,22)+COUNTIFS(data!$B:$B,1,data!$H:$H,23)+COUNTIFS(data!$B:$B,1,data!$H:$H,24)+COUNTIFS(data!$B:$B,1,data!$H:$H,25)+COUNTIFS(data!$B:$B,1,data!$H:$H,26)+COUNTIFS(data!$B:$B,1,data!$H:$H,27)+COUNTIFS(data!$B:$B,1,data!$H:$H,28)+COUNTIFS(data!$B:$B,1,data!$H:$H,29)+COUNTIFS(data!$B:$B,1,data!$H:$H,30)+COUNTIFS(data!$B:$B,1,data!$H:$H,31)+COUNTIFS(data!$B:$B,1,data!$H:$H,32)+COUNTIFS(data!$B:$B,1,data!$H:$H,33)+COUNTIFS(data!$B:$B,1,data!$H:$H,34)+COUNTIFS(data!$B:$B,1,data!$H:$H,35)+COUNTIFS(data!$B:$B,1,data!$H:$H,36)+COUNTIFS(data!$B:$B,1,data!$H:$H,37)+COUNTIFS(data!$B:$B,1,data!$H:$H,38)+COUNTIFS(data!$B:$B,1,data!$H:$H,39)+COUNTIFS(data!$B:$B,1,data!$H:$H,40)+COUNTIFS(data!$B:$B,1,data!$H:$H,41)+COUNTIFS(data!$B:$B,1,data!$H:$H,42)+COUNTIFS(data!$B:$B,1,data!$H:$H,43)+COUNTIFS(data!$B:$B,1,data!$H:$H,44)+COUNTIFS(data!$B:$B,1,data!$H:$H,45)+COUNTIFS(data!$B:$B,1,data!$H:$H,46)+COUNTIFS(data!$B:$B,1,data!$H:$H,47)+COUNTIFS(data!$B:$B,1,data!$H:$H,48)+COUNTIFS(data!$B:$B,1,data!$H:$H,49)+COUNTIFS(data!$B:$B,1,data!$H:$H,50) | G34: =F34/E$2 | H34: =G34-D34 | I34: =D34*I$2 | J34: =I34-F34 | L34: 0.3 | M34: =IF($L34*M$2=0,"",$L34*M$2) | N34: =COUNTIFS(data!$B:$B,2,data!$H:$H,13)+COUNTIFS(data!$B:$B,2,data!$H:$H,14)+COUNTIFS(data!$B:$B,2,data!$H:$H,15)+COUNTIFS(data!$B:$B,2,data!$H:$H,16)+COUNTIFS(data!$B:$B,2,data!$H:$H,17)+COUNTIFS(data!$B:$B,2,data!$H:$H,18)+COUNTIFS(data!$B:$B,2,data!$H:$H,19)+COUNTIFS(data!$B:$B,2,data!$H:$H,20)+COUNTIFS(data!$B:$B,2,data!$H:$H,21)+COUNTIFS(data!$B:$B,2,data!$H:$H,22)+COUNTIFS(data!$B:$B,2,data!$H:$H,23)+COUNTIFS(data!$B:$B,2,data!$H:$H,24)+COUNTIFS(data!$B:$B,2,data!$H:$H,25)+COUNTIFS(data!$B:$B,2,data!$H:$H,26)+COUNTIFS(data!$B:$B,2,data!$H:$H,27)+COUNTIFS(data!$B:$B,2,data!$H:$H,28)+COUNTIFS(data!$B:$B,2,data!$H:$H,29)+COUNTIFS(data!$B:$B,2,data!$H:$H,30)+COUNTIFS(data!$B:$B,2,data!$H:$H,31)+COUNTIFS(data!$B:$B,2,data!$H:$H,32)+COUNTIFS(data!$B:$B,2,data!$H:$H,33)+COUNTIFS(data!$B:$B,2,data!$H:$H,34)+COUNTIFS(data!$B:$B,2,data!$H:$H,35)+COUNTIFS(data!$B:$B,2,data!$H:$H,36)+COUNTIFS(data!$B:$B,2,data!$H:$H,37)+COUNTIFS(data!$B:$B,2,data!$H:$H,38)+COUNTIFS(data!$B:$B,2,data!$H:$H,39)+COUNTIFS(data!$B:$B,2,data!$H:$H,40)+COUNTIFS(data!$B:$B,2,data!$H:$H,41)+COUNTIFS(data!$B:$B,2,data!$H:$H,42)+COUNTIFS(data!$B:$B,2,data!$H:$H,43)+COUNTIFS(data!$B:$B,2,data!$H:$H,44)+COUNTIFS(data!$B:$B,2,data!$H:$H,45)+COUNTIFS(data!$B:$B,2,data!$H:$H,46)+COUNTIFS(data!$B:$B,2,data!$H:$H,47)+COUNTIFS(data!$B:$B,2,data!$H:$H,48)+COUNTIFS(data!$B:$B,2,data!$H:$H,49)+COUNTIFS(data!$B:$B,2,data!$H:$H,50) | O34: =N34/M$2 | P34: =O34-L34 | Q34: =L34*Q$2 | R34: =Q34-N34
F35: =SUM(F27:F34) | N35: =SUM(N27:N34)

Sheet quotasBase
A1: Column | B1: Quota | C1: Code | D1: Flex
A2: gender | B2: 0.49 | C2: 1
A3: gender | B3: 0.51 | C3: 2
A4: age | B4: 0.2 | C4: 1
A5: age | B5: 0.2 | C5: 2
A6: age | B6: 0.2 | C6: 3
A7: age | B7: 0.2 | C7: 4
A8: age | B8: 0.2 | C8: 5
A9: ethnicity | B9: 0.4 | C9: 1
A10: ethnicity | B10: 0.2 | C10: 2
A11: ethnicity | B11: 0.3 | C11: 3
A12: ethnicity | B12: 0.1 | C12: 4
A13: party | B13: 0.4 | C13: 1
... A16: state | B16: 0.1 | C16: 1
A17: state | B17: 0.1 | C17: 2:4
A18: state | B18: 0.1 | C18: 5,6
A19: state | B19: 0.1 | C19: 7:9
A20: state | B20: 0.1 | C20: 10
A21: state | B21: 0.1 | C21: 11
A22: state | B22: 0.1 | C22: 12
A23: state | B23: 0.3 | C23: 13:50

Sheet quotasOS
A1: Column | B1: Quota | C1: Code | D1: Flex
A2: gender | B2: 0.49 | C2: 1
A3: gender | B3: 0.51 | C3: 2
A4: age | B4: 0.2 | C4: 1
A5: age | B5: 0.2 | C5: 2
A6: age | B6: 0.2 | C6: 3
A7: age | B7: 0.2 | C7: 4
A8: age | B8: 0.2 | C8: 5
A9: ethnicity | B9: 0.4 | C9: 1
A10: ethnicity | B10: 0.2 | C10: 2
A11: ethnicity | B11: 0.3 | C11: 3
A12: ethnicity | B12: 0.1 | C12: 4
A13: party | B13: 0.4 | C13: 1
... A16: state | B16: 0.1 | C16: 1
A17: state | B17: 0.1 | C17: 2:4
A18: state | B18: 0.1 | C18: 5,6
A19: state | B19: 0.1 | C19: 7:9
A20: state | B20: 0.1 | C20: 10
A21: state | B21: 0.1 | C21: 11
A22: state | B22: 0.1 | C22: 12
A23: state | B23: 0.3 | C23: 13:50
